data_model,pattern,sigmas,seed,method,squared_error,weighted_to_analytic_error,gaussian_expected_weighted_risk,gaussian_expected_uniform_risk
linear_gaussian,0,0.1;1.0,0,precision_weighted_csm,0.04062347811901672,1.5099565256855822e-10,0.03960396039603961,1.01
linear_gaussian,0,0.1;1.0,0,uniform_csm,0.5380304589574453,nan,0.03960396039603961,1.01
linear_gaussian,0,0.1;1.0,0,analytic_precision_mean,0.040623478076868794,nan,0.03960396039603961,1.01
linear_gaussian,0,0.1;1.0,1,precision_weighted_csm,0.08072500465221556,1.6130955426307458e-10,0.03960396039603961,1.01
linear_gaussian,0,0.1;1.0,1,uniform_csm,0.5232639350308528,nan,0.03960396039603961,1.01
linear_gaussian,0,0.1;1.0,1,analytic_precision_mean,0.08072500464258185,nan,0.03960396039603961,1.01
linear_gaussian,0,0.1;1.0,2,precision_weighted_csm,0.07055434096634287,1.834541359693031e-10,0.03960396039603961,1.01
linear_gaussian,0,0.1;1.0,2,uniform_csm,0.7144237749904044,nan,0.03960396039603961,1.01
linear_gaussian,0,0.1;1.0,2,analytic_precision_mean,0.07055434099530389,nan,0.03960396039603961,1.01
linear_gaussian,0,0.1;1.0,3,precision_weighted_csm,0.03152478794706188,1.601633194547129e-10,0.03960396039603961,1.01
linear_gaussian,0,0.1;1.0,3,uniform_csm,0.4469566682493876,nan,0.03960396039603961,1.01
linear_gaussian,0,0.1;1.0,3,analytic_precision_mean,0.03152478792395146,nan,0.03960396039603961,1.01
linear_gaussian,0,0.1;1.0,4,precision_weighted_csm,0.0680218762980238,1.311062952588634e-10,0.03960396039603961,1.01
linear_gaussian,0,0.1;1.0,4,uniform_csm,0.8827671585221586,nan,0.03960396039603961,1.01
linear_gaussian,0,0.1;1.0,4,analytic_precision_mean,0.06802187635455313,nan,0.03960396039603961,1.01
linear_gaussian,0,0.1;1.0,5,precision_weighted_csm,0.028970464679508652,2.5901003795413615e-10,0.03960396039603961,1.01
linear_gaussian,0,0.1;1.0,5,uniform_csm,0.6313545142866437,nan,0.03960396039603961,1.01
linear_gaussian,0,0.1;1.0,5,analytic_precision_mean,0.028970464740372986,nan,0.03960396039603961,1.01
linear_gaussian,0,0.1;1.0,6,precision_weighted_csm,0.06787112288532132,1.0070708275853989e-10,0.03960396039603961,1.01
linear_gaussian,0,0.1;1.0,6,uniform_csm,0.4061138910995088,nan,0.03960396039603961,1.01
linear_gaussian,0,0.1;1.0,6,analytic_precision_mean,0.06787112290775983,nan,0.03960396039603961,1.01
linear_gaussian,0,0.1;1.0,7,precision_weighted_csm,0.026977876616975795,8.872324468908903e-11,0.03960396039603961,1.01
linear_gaussian,0,0.1;1.0,7,uniform_csm,1.723386075273278,nan,0.03960396039603961,1.01
linear_gaussian,0,0.1;1.0,7,analytic_precision_mean,0.026977876628547684,nan,0.03960396039603961,1.01
linear_gaussian,0,0.1;1.0,8,precision_weighted_csm,0.018390262834415562,1.8932935318347842e-10,0.03960396039603961,1.01
linear_gaussian,0,0.1;1.0,8,uniform_csm,0.1294227942793703,nan,0.03960396039603961,1.01
linear_gaussian,0,0.1;1.0,8,analytic_precision_mean,0.018390262872017164,nan,0.03960396039603961,1.01
linear_gaussian,0,0.1;1.0,9,precision_weighted_csm,0.037331542638849004,1.9946718006007773e-10,0.03960396039603961,1.01
linear_gaussian,0,0.1;1.0,9,uniform_csm,2.8179359541213014,nan,0.03960396039603961,1.01
linear_gaussian,0,0.1;1.0,9,analytic_precision_mean,0.037331542688012274,nan,0.03960396039603961,1.01
linear_gaussian,0,0.1;1.0,10,precision_weighted_csm,0.08268591419681193,1.8118254921040037e-10,0.03960396039603961,1.01
linear_gaussian,0,0.1;1.0,10,uniform_csm,0.0821416744480512,nan,0.03960396039603961,1.01
linear_gaussian,0,0.1;1.0,10,analytic_precision_mean,0.08268591424832446,nan,0.03960396039603961,1.01
linear_gaussian,0,0.1;1.0,11,precision_weighted_csm,0.015385607873575567,2.2308322703171377e-10,0.03960396039603961,1.01
linear_gaussian,0,0.1;1.0,11,uniform_csm,2.424301398716959,nan,0.03960396039603961,1.01
linear_gaussian,0,0.1;1.0,11,analytic_precision_mean,0.015385607850857833,nan,0.03960396039603961,1.01
linear_gaussian,0,0.1;1.0,12,precision_weighted_csm,0.02678392578976854,1.1264651877466986e-10,0.03960396039603961,1.01
linear_gaussian,0,0.1;1.0,12,uniform_csm,0.6337471400883385,nan,0.03960396039603961,1.01
linear_gaussian,0,0.1;1.0,12,analytic_precision_mean,0.026783925808708316,nan,0.03960396039603961,1.01
linear_gaussian,0,0.1;1.0,13,precision_weighted_csm,0.05366260511214951,2.197371597763716e-10,0.03960396039603961,1.01
linear_gaussian,0,0.1;1.0,13,uniform_csm,0.7595753981845811,nan,0.03960396039603961,1.01
linear_gaussian,0,0.1;1.0,13,analytic_precision_mean,0.05366260512531314,nan,0.03960396039603961,1.01
linear_gaussian,0,0.1;1.0,14,precision_weighted_csm,0.026136900577008498,1.748949926146728e-10,0.03960396039603961,1.01
linear_gaussian,0,0.1;1.0,14,uniform_csm,0.24870919998493668,nan,0.03960396039603961,1.01
linear_gaussian,0,0.1;1.0,14,analytic_precision_mean,0.02613690056383027,nan,0.03960396039603961,1.01
linear_gaussian,0,0.1;1.0,15,precision_weighted_csm,0.031470385566406175,2.1180412198742158e-10,0.03960396039603961,1.01
linear_gaussian,0,0.1;1.0,15,uniform_csm,0.5899994150242223,nan,0.03960396039603961,1.01
linear_gaussian,0,0.1;1.0,15,analytic_precision_mean,0.03147038561845084,nan,0.03960396039603961,1.01
linear_gaussian,1,0.1;0.3;1.0;2.0,0,precision_weighted_csm,0.06279665364031128,1.4667937253007264e-10,0.03559950556242275,1.275
linear_gaussian,1,0.1;0.3;1.0;2.0,0,uniform_csm,0.11702974062548707,nan,0.03559950556242275,1.275
linear_gaussian,1,0.1;0.3;1.0;2.0,0,analytic_precision_mean,0.06279665365808404,nan,0.03559950556242275,1.275
linear_gaussian,1,0.1;0.3;1.0;2.0,1,precision_weighted_csm,0.018280346881539778,1.9967060465361812e-10,0.03559950556242275,1.275
linear_gaussian,1,0.1;0.3;1.0;2.0,1,uniform_csm,0.4596565547526624,nan,0.03559950556242275,1.275
linear_gaussian,1,0.1;0.3;1.0;2.0,1,analytic_precision_mean,0.01828034691446433,nan,0.03559950556242275,1.275
linear_gaussian,1,0.1;0.3;1.0;2.0,2,precision_weighted_csm,0.015112059796080067,1.1810793103442916e-10,0.03559950556242275,1.275
linear_gaussian,1,0.1;0.3;1.0;2.0,2,uniform_csm,0.9610885952036385,nan,0.03559950556242275,1.275
linear_gaussian,1,0.1;0.3;1.0;2.0,2,analytic_precision_mean,0.015112059783445857,nan,0.03559950556242275,1.275
linear_gaussian,1,0.1;0.3;1.0;2.0,3,precision_weighted_csm,0.032211126698600365,8.523688677718523e-11,0.03559950556242275,1.275
linear_gaussian,1,0.1;0.3;1.0;2.0,3,uniform_csm,1.0005086380254467,nan,0.03559950556242275,1.275
linear_gaussian,1,0.1;0.3;1.0;2.0,3,analytic_precision_mean,0.032211126699645515,nan,0.03559950556242275,1.275
linear_gaussian,1,0.1;0.3;1.0;2.0,4,precision_weighted_csm,0.028579886941825283,1.6105576585533907e-10,0.03559950556242275,1.275
linear_gaussian,1,0.1;0.3;1.0;2.0,4,uniform_csm,1.3725880912236081,nan,0.03559950556242275,1.275
linear_gaussian,1,0.1;0.3;1.0;2.0,4,analytic_precision_mean,0.028579886963262042,nan,0.03559950556242275,1.275
linear_gaussian,1,0.1;0.3;1.0;2.0,5,precision_weighted_csm,0.06865922202395294,3.1310395639687776e-10,0.03559950556242275,1.275
linear_gaussian,1,0.1;0.3;1.0;2.0,5,uniform_csm,0.33515181497924895,nan,0.03559950556242275,1.275
linear_gaussian,1,0.1;0.3;1.0;2.0,5,analytic_precision_mean,0.06865922217523877,nan,0.03559950556242275,1.275
linear_gaussian,1,0.1;0.3;1.0;2.0,6,precision_weighted_csm,0.004511228350306214,1.0362335753497259e-10,0.03559950556242275,1.275
linear_gaussian,1,0.1;0.3;1.0;2.0,6,uniform_csm,1.113394184892378,nan,0.03559950556242275,1.275
linear_gaussian,1,0.1;0.3;1.0;2.0,6,analytic_precision_mean,0.004511228343124805,nan,0.03559950556242275,1.275
linear_gaussian,1,0.1;0.3;1.0;2.0,7,precision_weighted_csm,0.04628413605300791,2.4348929947253793e-10,0.03559950556242275,1.275
linear_gaussian,1,0.1;0.3;1.0;2.0,7,uniform_csm,0.8273310586248004,nan,0.03559950556242275,1.275
linear_gaussian,1,0.1;0.3;1.0;2.0,7,analytic_precision_mean,0.04628413611819154,nan,0.03559950556242275,1.275
linear_gaussian,1,0.1;0.3;1.0;2.0,8,precision_weighted_csm,0.010354801679449759,1.3919571416094556e-10,0.03559950556242275,1.275
linear_gaussian,1,0.1;0.3;1.0;2.0,8,uniform_csm,0.6086257719407691,nan,0.03559950556242275,1.275
linear_gaussian,1,0.1;0.3;1.0;2.0,8,analytic_precision_mean,0.010354801690189376,nan,0.03559950556242275,1.275
linear_gaussian,1,0.1;0.3;1.0;2.0,9,precision_weighted_csm,0.025556492051115143,1.369226679526136e-10,0.03559950556242275,1.275
linear_gaussian,1,0.1;0.3;1.0;2.0,9,uniform_csm,1.0226059008220922,nan,0.03559950556242275,1.275
linear_gaussian,1,0.1;0.3;1.0;2.0,9,analytic_precision_mean,0.025556492070591526,nan,0.03559950556242275,1.275
linear_gaussian,1,0.1;0.3;1.0;2.0,10,precision_weighted_csm,0.012328721482959116,1.1473451317112426e-10,0.03559950556242275,1.275
linear_gaussian,1,0.1;0.3;1.0;2.0,10,uniform_csm,0.8945421582533044,nan,0.03559950556242275,1.275
linear_gaussian,1,0.1;0.3;1.0;2.0,10,analytic_precision_mean,0.012328721498864076,nan,0.03559950556242275,1.275
linear_gaussian,1,0.1;0.3;1.0;2.0,11,precision_weighted_csm,0.04088668577700825,1.6208955289101634e-10,0.03559950556242275,1.275
linear_gaussian,1,0.1;0.3;1.0;2.0,11,uniform_csm,0.9060679730292248,nan,0.03559950556242275,1.275
linear_gaussian,1,0.1;0.3;1.0;2.0,11,analytic_precision_mean,0.04088668582350616,nan,0.03559950556242275,1.275
linear_gaussian,1,0.1;0.3;1.0;2.0,12,precision_weighted_csm,0.03594426376280848,9.212540275782691e-11,0.03559950556242275,1.275
linear_gaussian,1,0.1;0.3;1.0;2.0,12,uniform_csm,2.3092811664450648,nan,0.03559950556242275,1.275
linear_gaussian,1,0.1;0.3;1.0;2.0,12,analytic_precision_mean,0.035944263772407,nan,0.03559950556242275,1.275
linear_gaussian,1,0.1;0.3;1.0;2.0,13,precision_weighted_csm,0.014284392890630174,1.3974624701289228e-10,0.03559950556242275,1.275
linear_gaussian,1,0.1;0.3;1.0;2.0,13,uniform_csm,1.6696449541660008,nan,0.03559950556242275,1.275
linear_gaussian,1,0.1;0.3;1.0;2.0,13,analytic_precision_mean,0.014284392910477312,nan,0.03559950556242275,1.275
linear_gaussian,1,0.1;0.3;1.0;2.0,14,precision_weighted_csm,0.025509432401166977,1.4864794658355316e-10,0.03559950556242275,1.275
linear_gaussian,1,0.1;0.3;1.0;2.0,14,uniform_csm,1.8819327640163563,nan,0.03559950556242275,1.275
linear_gaussian,1,0.1;0.3;1.0;2.0,14,analytic_precision_mean,0.0255094324165819,nan,0.03559950556242275,1.275
linear_gaussian,1,0.1;0.3;1.0;2.0,15,precision_weighted_csm,0.017635507591129994,1.626713048447924e-10,0.03559950556242275,1.275
linear_gaussian,1,0.1;0.3;1.0;2.0,15,uniform_csm,0.9767972935873146,nan,0.03559950556242275,1.275
linear_gaussian,1,0.1;0.3;1.0;2.0,15,analytic_precision_mean,0.01763550760642062,nan,0.03559950556242275,1.275
linear_gaussian,2,0.2;0.2;1.5;1.5,0,precision_weighted_csm,0.02741776476040768,2.0529409488824026e-10,0.07860262008733626,1.145
linear_gaussian,2,0.2;0.2;1.5;1.5,0,uniform_csm,1.9193657629599647,nan,0.07860262008733626,1.145
linear_gaussian,2,0.2;0.2;1.5;1.5,0,analytic_precision_mean,0.02741776476953057,nan,0.07860262008733626,1.145
linear_gaussian,2,0.2;0.2;1.5;1.5,1,precision_weighted_csm,0.07810362564560731,2.7119587982616877e-10,0.07860262008733626,1.145
linear_gaussian,2,0.2;0.2;1.5;1.5,1,uniform_csm,1.7432957052517628,nan,0.07860262008733626,1.145
linear_gaussian,2,0.2;0.2;1.5;1.5,1,analytic_precision_mean,0.0781036256688376,nan,0.07860262008733626,1.145
linear_gaussian,2,0.2;0.2;1.5;1.5,2,precision_weighted_csm,0.013226162577635885,3.9688282150620064e-10,0.07860262008733626,1.145
linear_gaussian,2,0.2;0.2;1.5;1.5,2,uniform_csm,0.33488457253374376,nan,0.07860262008733626,1.145
linear_gaussian,2,0.2;0.2;1.5;1.5,2,analytic_precision_mean,0.013226162603771857,nan,0.07860262008733626,1.145
linear_gaussian,2,0.2;0.2;1.5;1.5,3,precision_weighted_csm,0.09475415552535474,2.0385513504704398e-10,0.07860262008733626,1.145
linear_gaussian,2,0.2;0.2;1.5;1.5,3,uniform_csm,0.30140428186886936,nan,0.07860262008733626,1.145
linear_gaussian,2,0.2;0.2;1.5;1.5,3,analytic_precision_mean,0.09475415546171374,nan,0.07860262008733626,1.145
linear_gaussian,2,0.2;0.2;1.5;1.5,4,precision_weighted_csm,0.02170832123022993,1.9972121292410016e-10,0.07860262008733626,1.145
linear_gaussian,2,0.2;0.2;1.5;1.5,4,uniform_csm,1.359805883215263,nan,0.07860262008733626,1.145
linear_gaussian,2,0.2;0.2;1.5;1.5,4,analytic_precision_mean,0.021708321271075658,nan,0.07860262008733626,1.145
linear_gaussian,2,0.2;0.2;1.5;1.5,5,precision_weighted_csm,0.024831219746435214,1.375776443818497e-10,0.07860262008733626,1.145
linear_gaussian,2,0.2;0.2;1.5;1.5,5,uniform_csm,1.9622545111539118,nan,0.07860262008733626,1.145
linear_gaussian,2,0.2;0.2;1.5;1.5,5,analytic_precision_mean,0.02483121971201121,nan,0.07860262008733626,1.145
linear_gaussian,2,0.2;0.2;1.5;1.5,6,precision_weighted_csm,0.05951329709135154,4.4861140259897206e-10,0.07860262008733626,1.145
linear_gaussian,2,0.2;0.2;1.5;1.5,6,uniform_csm,0.8630105353011477,nan,0.07860262008733626,1.145
linear_gaussian,2,0.2;0.2;1.5;1.5,6,analytic_precision_mean,0.059513297115156835,nan,0.07860262008733626,1.145
linear_gaussian,2,0.2;0.2;1.5;1.5,7,precision_weighted_csm,0.012525696447929346,3.3522543258716246e-10,0.07860262008733626,1.145
linear_gaussian,2,0.2;0.2;1.5;1.5,7,uniform_csm,0.849017001980003,nan,0.07860262008733626,1.145
linear_gaussian,2,0.2;0.2;1.5;1.5,7,analytic_precision_mean,0.01252569649707324,nan,0.07860262008733626,1.145
linear_gaussian,2,0.2;0.2;1.5;1.5,8,precision_weighted_csm,0.12914705182054412,5.789587176632719e-10,0.07860262008733626,1.145
linear_gaussian,2,0.2;0.2;1.5;1.5,8,uniform_csm,0.2517264493607297,nan,0.07860262008733626,1.145
linear_gaussian,2,0.2;0.2;1.5;1.5,8,analytic_precision_mean,0.1291470520774178,nan,0.07860262008733626,1.145
linear_gaussian,2,0.2;0.2;1.5;1.5,9,precision_weighted_csm,0.17328882928395772,1.8717944603641293e-10,0.07860262008733626,1.145
linear_gaussian,2,0.2;0.2;1.5;1.5,9,uniform_csm,1.6391853424138696,nan,0.07860262008733626,1.145
linear_gaussian,2,0.2;0.2;1.5;1.5,9,analytic_precision_mean,0.17328882939336474,nan,0.07860262008733626,1.145
linear_gaussian,2,0.2;0.2;1.5;1.5,10,precision_weighted_csm,0.004257333824872883,6.391155170446123e-10,0.07860262008733626,1.145
linear_gaussian,2,0.2;0.2;1.5;1.5,10,uniform_csm,1.159131460181693,nan,0.07860262008733626,1.145
linear_gaussian,2,0.2;0.2;1.5;1.5,10,analytic_precision_mean,0.004257333853630479,nan,0.07860262008733626,1.145
linear_gaussian,2,0.2;0.2;1.5;1.5,11,precision_weighted_csm,0.06701956750467247,4.0953485741280675e-10,0.07860262008733626,1.145
linear_gaussian,2,0.2;0.2;1.5;1.5,11,uniform_csm,0.7392095981599667,nan,0.07860262008733626,1.145
linear_gaussian,2,0.2;0.2;1.5;1.5,11,analytic_precision_mean,0.06701956750026665,nan,0.07860262008733626,1.145
linear_gaussian,2,0.2;0.2;1.5;1.5,12,precision_weighted_csm,0.009239121530448162,5.887233736652482e-10,0.07860262008733626,1.145
linear_gaussian,2,0.2;0.2;1.5;1.5,12,uniform_csm,2.430428136515707,nan,0.07860262008733626,1.145
linear_gaussian,2,0.2;0.2;1.5;1.5,12,analytic_precision_mean,0.009239121471892282,nan,0.07860262008733626,1.145
linear_gaussian,2,0.2;0.2;1.5;1.5,13,precision_weighted_csm,0.1474486922646837,4.588892328332288e-10,0.07860262008733626,1.145
linear_gaussian,2,0.2;0.2;1.5;1.5,13,uniform_csm,0.8584601164439651,nan,0.07860262008733626,1.145
linear_gaussian,2,0.2;0.2;1.5;1.5,13,analytic_precision_mean,0.1474486923243321,nan,0.07860262008733626,1.145
linear_gaussian,2,0.2;0.2;1.5;1.5,14,precision_weighted_csm,0.09410306536686477,4.951957030062067e-10,0.07860262008733626,1.145
linear_gaussian,2,0.2;0.2;1.5;1.5,14,uniform_csm,2.3986015663978595,nan,0.07860262008733626,1.145
linear_gaussian,2,0.2;0.2;1.5;1.5,14,analytic_precision_mean,0.09410306519547207,nan,0.07860262008733626,1.145
linear_gaussian,2,0.2;0.2;1.5;1.5,15,precision_weighted_csm,0.011603975544500857,4.705260365754677e-10,0.07860262008733626,1.145
linear_gaussian,2,0.2;0.2;1.5;1.5,15,uniform_csm,0.7083633063332588,nan,0.07860262008733626,1.145
linear_gaussian,2,0.2;0.2;1.5;1.5,15,analytic_precision_mean,0.011603975540967468,nan,0.07860262008733626,1.145
laplace,0,0.1;1.0,0,precision_weighted_csm,0.02901496216339363,2.1612163561542464e-10,nan,nan
laplace,0,0.1;1.0,0,uniform_csm,0.1060667257771204,nan,nan,nan
laplace,0,0.1;1.0,0,analytic_precision_mean,0.029014962175983896,nan,nan,nan
laplace,0,0.1;1.0,1,precision_weighted_csm,0.014039452206077241,1.2383861642695745e-10,nan,nan
laplace,0,0.1;1.0,1,uniform_csm,1.4422706019049003,nan,nan,nan
laplace,0,0.1;1.0,1,analytic_precision_mean,0.01403945218729686,nan,nan,nan
laplace,0,0.1;1.0,2,precision_weighted_csm,0.03528404753094707,1.7434051246507227e-10,nan,nan
laplace,0,0.1;1.0,2,uniform_csm,0.685717917761274,nan,nan,nan
laplace,0,0.1;1.0,2,analytic_precision_mean,0.03528404750318555,nan,nan,nan
laplace,0,0.1;1.0,3,precision_weighted_csm,0.02318646805340005,1.6841582775585655e-10,nan,nan
laplace,0,0.1;1.0,3,uniform_csm,0.5775266711654856,nan,nan,nan
laplace,0,0.1;1.0,3,analytic_precision_mean,0.023186468088860816,nan,nan,nan
laplace,0,0.1;1.0,4,precision_weighted_csm,0.07425451208124433,1.3397564198542111e-10,nan,nan
laplace,0,0.1;1.0,4,uniform_csm,0.1270981637608951,nan,nan,nan
laplace,0,0.1;1.0,4,analytic_precision_mean,0.07425451209673621,nan,nan,nan
laplace,0,0.1;1.0,5,precision_weighted_csm,0.03326896835349866,1.0233402895491512e-10,nan,nan
laplace,0,0.1;1.0,5,uniform_csm,0.8356010655055076,nan,nan,nan
laplace,0,0.1;1.0,5,analytic_precision_mean,0.033268968355339025,nan,nan,nan
laplace,0,0.1;1.0,6,precision_weighted_csm,0.0057676482835324755,2.751946218209582e-10,nan,nan
laplace,0,0.1;1.0,6,uniform_csm,1.7874348431849834,nan,nan,nan
laplace,0,0.1;1.0,6,analytic_precision_mean,0.005767648306080251,nan,nan,nan
laplace,0,0.1;1.0,7,precision_weighted_csm,0.029527827050564566,7.561557470284352e-11,nan,nan
laplace,0,0.1;1.0,7,uniform_csm,0.5831444248273779,nan,nan,nan
laplace,0,0.1;1.0,7,analytic_precision_mean,0.029527827033754613,nan,nan,nan
laplace,0,0.1;1.0,8,precision_weighted_csm,0.006713820927102758,1.7421686803176593e-10,nan,nan
laplace,0,0.1;1.0,8,uniform_csm,0.40534603690377075,nan,nan,nan
laplace,0,0.1;1.0,8,analytic_precision_mean,0.0067138209342213736,nan,nan,nan
laplace,0,0.1;1.0,9,precision_weighted_csm,0.013327120989490878,1.6432553545149997e-10,nan,nan
laplace,0,0.1;1.0,9,uniform_csm,0.7773229533392534,nan,nan,nan
laplace,0,0.1;1.0,9,analytic_precision_mean,0.013327121011417975,nan,nan,nan
laplace,0,0.1;1.0,10,precision_weighted_csm,0.08362727942129602,1.978142866890144e-10,nan,nan
laplace,0,0.1;1.0,10,uniform_csm,6.800505139676303,nan,nan,nan
laplace,0,0.1;1.0,10,analytic_precision_mean,0.08362727938480811,nan,nan,nan
laplace,0,0.1;1.0,11,precision_weighted_csm,0.016619096616830226,2.1357462385336807e-10,nan,nan
laplace,0,0.1;1.0,11,uniform_csm,1.008939631389977,nan,nan,nan
laplace,0,0.1;1.0,11,analytic_precision_mean,0.01661909661468136,nan,nan,nan
laplace,0,0.1;1.0,12,precision_weighted_csm,0.009452648198081491,1.7191988872609516e-10,nan,nan
laplace,0,0.1;1.0,12,uniform_csm,0.20151658445456677,nan,nan,nan
laplace,0,0.1;1.0,12,analytic_precision_mean,0.009452648188661357,nan,nan,nan
laplace,0,0.1;1.0,13,precision_weighted_csm,0.10720896555361294,2.4234756047237874e-10,nan,nan
laplace,0,0.1;1.0,13,uniform_csm,1.5262802840607699,nan,nan,nan
laplace,0,0.1;1.0,13,analytic_precision_mean,0.10720896556823727,nan,nan,nan
laplace,0,0.1;1.0,14,precision_weighted_csm,0.004146791592603753,1.5980950548769037e-10,nan,nan
laplace,0,0.1;1.0,14,uniform_csm,3.664239187379683,nan,nan,nan
laplace,0,0.1;1.0,14,analytic_precision_mean,0.004146791588136719,nan,nan,nan
laplace,0,0.1;1.0,15,precision_weighted_csm,0.061859959253719794,2.0877511356533803e-10,nan,nan
laplace,0,0.1;1.0,15,uniform_csm,4.889894605622274,nan,nan,nan
laplace,0,0.1;1.0,15,analytic_precision_mean,0.061859959186719264,nan,nan,nan
laplace,1,0.1;0.3;1.0;2.0,0,precision_weighted_csm,0.008649002568512929,1.3292007777725197e-10,nan,nan
laplace,1,0.1;0.3;1.0;2.0,0,uniform_csm,0.25806835458409355,nan,nan,nan
laplace,1,0.1;0.3;1.0;2.0,0,analytic_precision_mean,0.008649002586741748,nan,nan,nan
laplace,1,0.1;0.3;1.0;2.0,1,precision_weighted_csm,0.01284827758851339,3.027963792343856e-10,nan,nan
laplace,1,0.1;0.3;1.0;2.0,1,uniform_csm,1.3424586563384193,nan,nan,nan
laplace,1,0.1;0.3;1.0;2.0,1,analytic_precision_mean,0.012848277578258228,nan,nan,nan
laplace,1,0.1;0.3;1.0;2.0,2,precision_weighted_csm,0.028082929078373023,1.183079515441049e-10,nan,nan
laplace,1,0.1;0.3;1.0;2.0,2,uniform_csm,0.4362766077713787,nan,nan,nan
laplace,1,0.1;0.3;1.0;2.0,2,analytic_precision_mean,0.028082929083538117,nan,nan,nan
laplace,1,0.1;0.3;1.0;2.0,3,precision_weighted_csm,0.05642439990561755,2.494944354390538e-10,nan,nan
laplace,1,0.1;0.3;1.0;2.0,3,uniform_csm,6.011039327383753,nan,nan,nan
laplace,1,0.1;0.3;1.0;2.0,3,analytic_precision_mean,0.056424399812998946,nan,nan,nan
laplace,1,0.1;0.3;1.0;2.0,4,precision_weighted_csm,0.016853701769729133,1.4399779608229676e-10,nan,nan
laplace,1,0.1;0.3;1.0;2.0,4,uniform_csm,1.4975709474698171,nan,nan,nan
laplace,1,0.1;0.3;1.0;2.0,4,analytic_precision_mean,0.016853701791830475,nan,nan,nan
laplace,1,0.1;0.3;1.0;2.0,5,precision_weighted_csm,0.027451322517041656,2.0105826436439646e-10,nan,nan
laplace,1,0.1;0.3;1.0;2.0,5,uniform_csm,7.24434487768954,nan,nan,nan
laplace,1,0.1;0.3;1.0;2.0,5,analytic_precision_mean,0.027451322499426466,nan,nan,nan
laplace,1,0.1;0.3;1.0;2.0,6,precision_weighted_csm,0.0066031380767194135,1.076026899783374e-10,nan,nan
laplace,1,0.1;0.3;1.0;2.0,6,uniform_csm,1.1041824107404246,nan,nan,nan
laplace,1,0.1;0.3;1.0;2.0,6,analytic_precision_mean,0.006603138085889261,nan,nan,nan
laplace,1,0.1;0.3;1.0;2.0,7,precision_weighted_csm,0.015287137155636297,2.2744030444015357e-10,nan,nan
laplace,1,0.1;0.3;1.0;2.0,7,uniform_csm,1.0175996159278158,nan,nan,nan
laplace,1,0.1;0.3;1.0;2.0,7,analytic_precision_mean,0.01528713716005756,nan,nan,nan
laplace,1,0.1;0.3;1.0;2.0,8,precision_weighted_csm,0.02068181005940646,1.4675932091777564e-10,nan,nan
laplace,1,0.1;0.3;1.0;2.0,8,uniform_csm,0.1695671132694733,nan,nan,nan
laplace,1,0.1;0.3;1.0;2.0,8,analytic_precision_mean,0.02068181004429618,nan,nan,nan
laplace,1,0.1;0.3;1.0;2.0,9,precision_weighted_csm,0.04682086063994852,1.2718138909223567e-10,nan,nan
laplace,1,0.1;0.3;1.0;2.0,9,uniform_csm,0.9527847229540017,nan,nan,nan
laplace,1,0.1;0.3;1.0;2.0,9,analytic_precision_mean,0.046820860602517084,nan,nan,nan
laplace,1,0.1;0.3;1.0;2.0,10,precision_weighted_csm,0.02866126545356324,2.2802441511898456e-10,nan,nan
laplace,1,0.1;0.3;1.0;2.0,10,uniform_csm,1.0825109157692858,nan,nan,nan
laplace,1,0.1;0.3;1.0;2.0,10,analytic_precision_mean,0.028661265475571962,nan,nan,nan
laplace,1,0.1;0.3;1.0;2.0,11,precision_weighted_csm,0.03348225602715619,8.717935103462602e-11,nan,nan
laplace,1,0.1;0.3;1.0;2.0,11,uniform_csm,0.811254742029564,nan,nan,nan
laplace,1,0.1;0.3;1.0;2.0,11,analytic_precision_mean,0.03348225603621191,nan,nan,nan
laplace,1,0.1;0.3;1.0;2.0,12,precision_weighted_csm,0.03297034996180898,1.902035988476472e-10,nan,nan
laplace,1,0.1;0.3;1.0;2.0,12,uniform_csm,0.4796816749255474,nan,nan,nan
laplace,1,0.1;0.3;1.0;2.0,12,analytic_precision_mean,0.032970349943970544,nan,nan,nan
laplace,1,0.1;0.3;1.0;2.0,13,precision_weighted_csm,0.05032556564542652,8.045401399169897e-11,nan,nan
laplace,1,0.1;0.3;1.0;2.0,13,uniform_csm,3.541539996839204,nan,nan,nan
laplace,1,0.1;0.3;1.0;2.0,13,analytic_precision_mean,0.05032556564726284,nan,nan,nan
laplace,1,0.1;0.3;1.0;2.0,14,precision_weighted_csm,0.12215660994285137,2.9019106937114356e-10,nan,nan
laplace,1,0.1;0.3;1.0;2.0,14,uniform_csm,0.13448092958779495,nan,nan,nan
laplace,1,0.1;0.3;1.0;2.0,14,analytic_precision_mean,0.1221566099809969,nan,nan,nan
laplace,1,0.1;0.3;1.0;2.0,15,precision_weighted_csm,0.04598514633563575,2.256564291857016e-10,nan,nan
laplace,1,0.1;0.3;1.0;2.0,15,uniform_csm,0.7227822414579852,nan,nan,nan
laplace,1,0.1;0.3;1.0;2.0,15,analytic_precision_mean,0.04598514640277019,nan,nan,nan
laplace,2,0.2;0.2;1.5;1.5,0,precision_weighted_csm,0.07341490001319596,3.08374774001618e-10,nan,nan
laplace,2,0.2;0.2;1.5;1.5,0,uniform_csm,2.7212520442696575,nan,nan,nan
laplace,2,0.2;0.2;1.5;1.5,0,analytic_precision_mean,0.07341489985693331,nan,nan,nan
laplace,2,0.2;0.2;1.5;1.5,1,precision_weighted_csm,0.11522732205231404,4.0405372255119897e-10,nan,nan
laplace,2,0.2;0.2;1.5;1.5,1,uniform_csm,0.025330629821392097,nan,nan,nan
laplace,2,0.2;0.2;1.5;1.5,1,analytic_precision_mean,0.11522732211052589,nan,nan,nan
laplace,2,0.2;0.2;1.5;1.5,2,precision_weighted_csm,0.028030407838203226,3.984644343894056e-10,nan,nan
laplace,2,0.2;0.2;1.5;1.5,2,uniform_csm,0.676383083752228,nan,nan,nan
laplace,2,0.2;0.2;1.5;1.5,2,analytic_precision_mean,0.02803040787967482,nan,nan,nan
laplace,2,0.2;0.2;1.5;1.5,3,precision_weighted_csm,0.043772703198762905,2.0162530952816612e-10,nan,nan
laplace,2,0.2;0.2;1.5;1.5,3,uniform_csm,0.9651629644368949,nan,nan,nan
laplace,2,0.2;0.2;1.5;1.5,3,analytic_precision_mean,0.04377270327171499,nan,nan,nan
laplace,2,0.2;0.2;1.5;1.5,4,precision_weighted_csm,0.10619417558984073,2.6990564539167265e-10,nan,nan
laplace,2,0.2;0.2;1.5;1.5,4,uniform_csm,1.23354208624588,nan,nan,nan
laplace,2,0.2;0.2;1.5;1.5,4,analytic_precision_mean,0.10619417564821486,nan,nan,nan
laplace,2,0.2;0.2;1.5;1.5,5,precision_weighted_csm,0.035346130345520255,3.732894253095863e-10,nan,nan
laplace,2,0.2;0.2;1.5;1.5,5,uniform_csm,1.5447957938822299,nan,nan,nan
laplace,2,0.2;0.2;1.5;1.5,5,analytic_precision_mean,0.03534613037492068,nan,nan,nan
laplace,2,0.2;0.2;1.5;1.5,6,precision_weighted_csm,0.08599145578646578,4.882796279530606e-10,nan,nan
laplace,2,0.2;0.2;1.5;1.5,6,uniform_csm,0.28878381774669165,nan,nan,nan
laplace,2,0.2;0.2;1.5;1.5,6,analytic_precision_mean,0.08599145588443083,nan,nan,nan
laplace,2,0.2;0.2;1.5;1.5,7,precision_weighted_csm,0.07565863608934222,4.043732978865887e-10,nan,nan
laplace,2,0.2;0.2;1.5;1.5,7,uniform_csm,0.36842431175243273,nan,nan,nan
laplace,2,0.2;0.2;1.5;1.5,7,analytic_precision_mean,0.07565863607551825,nan,nan,nan
laplace,2,0.2;0.2;1.5;1.5,8,precision_weighted_csm,0.08232617506625414,4.927918971552585e-10,nan,nan
laplace,2,0.2;0.2;1.5;1.5,8,uniform_csm,0.5511964941031673,nan,nan,nan
laplace,2,0.2;0.2;1.5;1.5,8,analytic_precision_mean,0.08232617527120287,nan,nan,nan
laplace,2,0.2;0.2;1.5;1.5,9,precision_weighted_csm,0.0458760327879268,5.045084669625742e-10,nan,nan
laplace,2,0.2;0.2;1.5;1.5,9,uniform_csm,0.24810020832392823,nan,nan,nan
laplace,2,0.2;0.2;1.5;1.5,9,analytic_precision_mean,0.045876032892590665,nan,nan,nan
laplace,2,0.2;0.2;1.5;1.5,10,precision_weighted_csm,0.04242996539690483,4.6130160663946134e-10,nan,nan
laplace,2,0.2;0.2;1.5;1.5,10,uniform_csm,0.7145378380490053,nan,nan,nan
laplace,2,0.2;0.2;1.5;1.5,10,analytic_precision_mean,0.04242996528418777,nan,nan,nan
laplace,2,0.2;0.2;1.5;1.5,11,precision_weighted_csm,0.027415752046376092,3.395821316654795e-10,nan,nan
laplace,2,0.2;0.2;1.5;1.5,11,uniform_csm,0.10762234685409329,nan,nan,nan
laplace,2,0.2;0.2;1.5;1.5,11,analytic_precision_mean,0.027415752109103346,nan,nan,nan
laplace,2,0.2;0.2;1.5;1.5,12,precision_weighted_csm,0.0027846235157816665,1.8536724088253017e-10,nan,nan
laplace,2,0.2;0.2;1.5;1.5,12,uniform_csm,0.16611754220760494,nan,nan,nan
laplace,2,0.2;0.2;1.5;1.5,12,analytic_precision_mean,0.0027846235175172035,nan,nan,nan
laplace,2,0.2;0.2;1.5;1.5,13,precision_weighted_csm,0.029619211730670884,4.712777703383824e-10,nan,nan
laplace,2,0.2;0.2;1.5;1.5,13,uniform_csm,0.8110283315194609,nan,nan,nan
laplace,2,0.2;0.2;1.5;1.5,13,analytic_precision_mean,0.0296192116217612,nan,nan,nan
laplace,2,0.2;0.2;1.5;1.5,14,precision_weighted_csm,0.011877085041865085,3.0285782251673644e-10,nan,nan
laplace,2,0.2;0.2;1.5;1.5,14,uniform_csm,0.4228543651765708,nan,nan,nan
laplace,2,0.2;0.2;1.5;1.5,14,analytic_precision_mean,0.011877084982603406,nan,nan,nan
laplace,2,0.2;0.2;1.5;1.5,15,precision_weighted_csm,0.0573092994844244,1.8441211090565338e-10,nan,nan
laplace,2,0.2;0.2;1.5;1.5,15,uniform_csm,1.5452851741935545,nan,nan,nan
laplace,2,0.2;0.2;1.5;1.5,15,analytic_precision_mean,0.0573092994759071,nan,nan,nan
student_like,0,0.1;1.0,0,precision_weighted_csm,0.007852012865899247,6.779486492230712e-11,nan,nan
student_like,0,0.1;1.0,0,uniform_csm,0.2740637717545981,nan,nan,nan
student_like,0,0.1;1.0,0,analytic_precision_mean,0.007852012873021738,nan,nan,nan
student_like,0,0.1;1.0,1,precision_weighted_csm,0.004565553301263382,2.5013029050467395e-10,nan,nan
student_like,0,0.1;1.0,1,uniform_csm,0.20317801501309563,nan,nan,nan
student_like,0,0.1;1.0,1,analytic_precision_mean,0.004565553322686179,nan,nan,nan
student_like,0,0.1;1.0,2,precision_weighted_csm,0.0308869379190854,2.871257716832208e-10,nan,nan
student_like,0,0.1;1.0,2,uniform_csm,0.42851788228137067,nan,nan,nan
student_like,0,0.1;1.0,2,analytic_precision_mean,0.030886937881661226,nan,nan,nan
student_like,0,0.1;1.0,3,precision_weighted_csm,0.0706220588157798,2.6586054803394194e-10,nan,nan
student_like,0,0.1;1.0,3,uniform_csm,0.6540622976164726,nan,nan,nan
student_like,0,0.1;1.0,3,analytic_precision_mean,0.07062205879689419,nan,nan,nan
student_like,0,0.1;1.0,4,precision_weighted_csm,0.029625132705310947,1.3658070477571067e-10,nan,nan
student_like,0,0.1;1.0,4,uniform_csm,7.361289171979836,nan,nan,nan
student_like,0,0.1;1.0,4,analytic_precision_mean,0.02962513271810123,nan,nan,nan
student_like,0,0.1;1.0,5,precision_weighted_csm,0.01825267433172257,1.708494307180775e-10,nan,nan
student_like,0,0.1;1.0,5,uniform_csm,0.585552722959749,nan,nan,nan
student_like,0,0.1;1.0,5,analytic_precision_mean,0.018252674355207582,nan,nan,nan
student_like,0,0.1;1.0,6,precision_weighted_csm,0.006786622682723547,1.4515252331466082e-10,nan,nan
student_like,0,0.1;1.0,6,uniform_csm,3.4566621053674553,nan,nan,nan
student_like,0,0.1;1.0,6,analytic_precision_mean,0.006786622703240538,nan,nan,nan
student_like,0,0.1;1.0,7,precision_weighted_csm,0.21099269012181995,1.654859055298848e-10,nan,nan
student_like,0,0.1;1.0,7,uniform_csm,1.4301044776406449,nan,nan,nan
student_like,0,0.1;1.0,7,analytic_precision_mean,0.21099269017795708,nan,nan,nan
student_like,0,0.1;1.0,8,precision_weighted_csm,0.01051403266990995,2.0033745412820934e-10,nan,nan
student_like,0,0.1;1.0,8,uniform_csm,0.6099823699613295,nan,nan,nan
student_like,0,0.1;1.0,8,analytic_precision_mean,0.01051403268514772,nan,nan,nan
student_like,0,0.1;1.0,9,precision_weighted_csm,0.06593405315024936,2.4542440455166867e-10,nan,nan
student_like,0,0.1;1.0,9,uniform_csm,14.495484220163277,nan,nan,nan
student_like,0,0.1;1.0,9,analytic_precision_mean,0.06593405325488148,nan,nan,nan
student_like,0,0.1;1.0,10,precision_weighted_csm,0.027997715775185048,2.0387457590632282e-10,nan,nan
student_like,0,0.1;1.0,10,uniform_csm,0.17095171093444886,nan,nan,nan
student_like,0,0.1;1.0,10,analytic_precision_mean,0.027997715830504068,nan,nan,nan
student_like,0,0.1;1.0,11,precision_weighted_csm,0.210425036229885,2.1673408645223058e-10,nan,nan
student_like,0,0.1;1.0,11,uniform_csm,1.4254651584894544,nan,nan,nan
student_like,0,0.1;1.0,11,analytic_precision_mean,0.21042503634998586,nan,nan,nan
student_like,0,0.1;1.0,12,precision_weighted_csm,0.04427640833949345,2.6731379056683354e-10,nan,nan
student_like,0,0.1;1.0,12,uniform_csm,0.6363493964626177,nan,nan,nan
student_like,0,0.1;1.0,12,analytic_precision_mean,0.04427640826684215,nan,nan,nan
student_like,0,0.1;1.0,13,precision_weighted_csm,0.017607507028365672,6.227430746045069e-11,nan,nan
student_like,0,0.1;1.0,13,uniform_csm,0.7138284005323697,nan,nan,nan
student_like,0,0.1;1.0,13,analytic_precision_mean,0.01760750701842067,nan,nan,nan
student_like,0,0.1;1.0,14,precision_weighted_csm,0.015318704205798006,1.8376168178646983e-10,nan,nan
student_like,0,0.1;1.0,14,uniform_csm,0.3127288618541047,nan,nan,nan
student_like,0,0.1;1.0,14,analytic_precision_mean,0.015318704237381624,nan,nan,nan
student_like,0,0.1;1.0,15,precision_weighted_csm,0.01850467745508787,9.450288578938619e-11,nan,nan
student_like,0,0.1;1.0,15,uniform_csm,0.17523666944423888,nan,nan,nan
student_like,0,0.1;1.0,15,analytic_precision_mean,0.018504677439665503,nan,nan,nan
student_like,1,0.1;0.3;1.0;2.0,0,precision_weighted_csm,0.06727291463419495,1.370592294550918e-10,nan,nan
student_like,1,0.1;0.3;1.0;2.0,0,uniform_csm,1.899530275673733,nan,nan,nan
student_like,1,0.1;0.3;1.0;2.0,0,analytic_precision_mean,0.06727291462114116,nan,nan,nan
student_like,1,0.1;0.3;1.0;2.0,1,precision_weighted_csm,0.05134492257917274,1.522549781729335e-10,nan,nan
student_like,1,0.1;0.3;1.0;2.0,1,uniform_csm,0.6770373018406648,nan,nan,nan
student_like,1,0.1;0.3;1.0;2.0,1,analytic_precision_mean,0.05134492260933422,nan,nan,nan
student_like,1,0.1;0.3;1.0;2.0,2,precision_weighted_csm,0.02621021472702649,3.245742130284225e-10,nan,nan
student_like,1,0.1;0.3;1.0;2.0,2,uniform_csm,1.7566118908069495,nan,nan,nan
student_like,1,0.1;0.3;1.0;2.0,2,analytic_precision_mean,0.02621021477338978,nan,nan,nan
student_like,1,0.1;0.3;1.0;2.0,3,precision_weighted_csm,0.023416833426299903,1.8520096813521896e-10,nan,nan
student_like,1,0.1;0.3;1.0;2.0,3,uniform_csm,0.1263107046687981,nan,nan,nan
student_like,1,0.1;0.3;1.0;2.0,3,analytic_precision_mean,0.0234168333812982,nan,nan,nan
student_like,1,0.1;0.3;1.0;2.0,4,precision_weighted_csm,0.42715576882858597,1.178542334416737e-10,nan,nan
student_like,1,0.1;0.3;1.0;2.0,4,uniform_csm,0.15382686272071458,nan,nan,nan
student_like,1,0.1;0.3;1.0;2.0,4,analytic_precision_mean,0.4271557688332279,nan,nan,nan
student_like,1,0.1;0.3;1.0;2.0,5,precision_weighted_csm,0.1026803962093923,1.2396360453875813e-10,nan,nan
student_like,1,0.1;0.3;1.0;2.0,5,uniform_csm,0.5985992608180343,nan,nan,nan
student_like,1,0.1;0.3;1.0;2.0,5,analytic_precision_mean,0.10268039618342371,nan,nan,nan
student_like,1,0.1;0.3;1.0;2.0,6,precision_weighted_csm,0.00829032791903351,1.6438561118149994e-10,nan,nan
student_like,1,0.1;0.3;1.0;2.0,6,uniform_csm,0.49763744705983903,nan,nan,nan
student_like,1,0.1;0.3;1.0;2.0,6,analytic_precision_mean,0.008290327900148574,nan,nan,nan
student_like,1,0.1;0.3;1.0;2.0,7,precision_weighted_csm,0.052761846263233415,2.329791470276549e-10,nan,nan
student_like,1,0.1;0.3;1.0;2.0,7,uniform_csm,0.2466619932025183,nan,nan,nan
student_like,1,0.1;0.3;1.0;2.0,7,analytic_precision_mean,0.05276184630584122,nan,nan,nan
student_like,1,0.1;0.3;1.0;2.0,8,precision_weighted_csm,0.019162920777280726,1.0620137628885138e-10,nan,nan
student_like,1,0.1;0.3;1.0;2.0,8,uniform_csm,1.4144955371837438,nan,nan,nan
student_like,1,0.1;0.3;1.0;2.0,8,analytic_precision_mean,0.019162920786726042,nan,nan,nan
student_like,1,0.1;0.3;1.0;2.0,9,precision_weighted_csm,0.15403792883397738,1.4543340391323398e-10,nan,nan
student_like,1,0.1;0.3;1.0;2.0,9,uniform_csm,0.21795524156283425,nan,nan,nan
student_like,1,0.1;0.3;1.0;2.0,9,analytic_precision_mean,0.15403792888720855,nan,nan,nan
student_like,1,0.1;0.3;1.0;2.0,10,precision_weighted_csm,0.0041209756173716415,9.072496220767934e-11,nan,nan
student_like,1,0.1;0.3;1.0;2.0,10,uniform_csm,0.4083499271037681,nan,nan,nan
student_like,1,0.1;0.3;1.0;2.0,10,analytic_precision_mean,0.0041209756276502545,nan,nan,nan
student_like,1,0.1;0.3;1.0;2.0,11,precision_weighted_csm,0.02852586208268526,1.3637871319176714e-10,nan,nan
student_like,1,0.1;0.3;1.0;2.0,11,uniform_csm,1.4118492422933702,nan,nan,nan
student_like,1,0.1;0.3;1.0;2.0,11,analytic_precision_mean,0.028525862070659252,nan,nan,nan
student_like,1,0.1;0.3;1.0;2.0,12,precision_weighted_csm,0.18371579114290865,1.7679931151233638e-10,nan,nan
student_like,1,0.1;0.3;1.0;2.0,12,uniform_csm,0.16017794105388236,nan,nan,nan
student_like,1,0.1;0.3;1.0;2.0,12,analytic_precision_mean,0.18371579113817618,nan,nan,nan
student_like,1,0.1;0.3;1.0;2.0,13,precision_weighted_csm,0.012575016021365253,1.423771330417599e-10,nan,nan
student_like,1,0.1;0.3;1.0;2.0,13,uniform_csm,0.17349680822303826,nan,nan,nan
student_like,1,0.1;0.3;1.0;2.0,13,analytic_precision_mean,0.012575016021174218,nan,nan,nan
student_like,1,0.1;0.3;1.0;2.0,14,precision_weighted_csm,0.005145031106297158,1.3458790552048197e-10,nan,nan
student_like,1,0.1;0.3;1.0;2.0,14,uniform_csm,0.09129316692458884,nan,nan,nan
student_like,1,0.1;0.3;1.0;2.0,14,analytic_precision_mean,0.005145031100948033,nan,nan,nan
student_like,1,0.1;0.3;1.0;2.0,15,precision_weighted_csm,0.006287339486653783,2.0351884743693412e-10,nan,nan
student_like,1,0.1;0.3;1.0;2.0,15,uniform_csm,2.7752702498881563,nan,nan,nan
student_like,1,0.1;0.3;1.0;2.0,15,analytic_precision_mean,0.006287339470760782,nan,nan,nan
student_like,2,0.2;0.2;1.5;1.5,0,precision_weighted_csm,0.017901734434888978,4.1924425030059635e-10,nan,nan
student_like,2,0.2;0.2;1.5;1.5,0,uniform_csm,0.18668103597461058,nan,nan,nan
student_like,2,0.2;0.2;1.5;1.5,0,analytic_precision_mean,0.017901734480749946,nan,nan,nan
student_like,2,0.2;0.2;1.5;1.5,1,precision_weighted_csm,0.06246834902518186,3.412163977518372e-10,nan,nan
student_like,2,0.2;0.2;1.5;1.5,1,uniform_csm,0.6217378781273972,nan,nan,nan
student_like,2,0.2;0.2;1.5;1.5,1,analytic_precision_mean,0.062468349184743005,nan,nan,nan
student_like,2,0.2;0.2;1.5;1.5,2,precision_weighted_csm,0.030951824756181967,2.7538442971728085e-10,nan,nan
student_like,2,0.2;0.2;1.5;1.5,2,uniform_csm,0.21153211010905593,nan,nan,nan
student_like,2,0.2;0.2;1.5;1.5,2,analytic_precision_mean,0.030951824673286898,nan,nan,nan
student_like,2,0.2;0.2;1.5;1.5,3,precision_weighted_csm,0.031597762515731556,4.5105053878828844e-10,nan,nan
student_like,2,0.2;0.2;1.5;1.5,3,uniform_csm,0.48779073457704114,nan,nan,nan
student_like,2,0.2;0.2;1.5;1.5,3,analytic_precision_mean,0.03159776265147326,nan,nan,nan
student_like,2,0.2;0.2;1.5;1.5,4,precision_weighted_csm,0.05928229255426287,3.656812954361655e-10,nan,nan
student_like,2,0.2;0.2;1.5;1.5,4,uniform_csm,2.632445966891754,nan,nan,nan
student_like,2,0.2;0.2;1.5;1.5,4,analytic_precision_mean,0.059282292663885856,nan,nan,nan
student_like,2,0.2;0.2;1.5;1.5,5,precision_weighted_csm,0.014073225682641452,4.164639220985889e-10,nan,nan
student_like,2,0.2;0.2;1.5;1.5,5,uniform_csm,1.6322737281653048,nan,nan,nan
student_like,2,0.2;0.2;1.5;1.5,5,analytic_precision_mean,0.014073225623216945,nan,nan,nan
student_like,2,0.2;0.2;1.5;1.5,6,precision_weighted_csm,0.017781907339921077,6.612343244764943e-10,nan,nan
student_like,2,0.2;0.2;1.5;1.5,6,uniform_csm,0.13078186541962042,nan,nan,nan
student_like,2,0.2;0.2;1.5;1.5,6,analytic_precision_mean,0.01778190722192972,nan,nan,nan
student_like,2,0.2;0.2;1.5;1.5,7,precision_weighted_csm,0.06839135363244128,1.9061793841405575e-10,nan,nan
student_like,2,0.2;0.2;1.5;1.5,7,uniform_csm,0.08681836160978379,nan,nan,nan
student_like,2,0.2;0.2;1.5;1.5,7,analytic_precision_mean,0.0683913536073551,nan,nan,nan
student_like,2,0.2;0.2;1.5;1.5,8,precision_weighted_csm,0.11636153246583257,4.762646224486161e-10,nan,nan
student_like,2,0.2;0.2;1.5;1.5,8,uniform_csm,0.05040181458418158,nan,nan,nan
student_like,2,0.2;0.2;1.5;1.5,8,analytic_precision_mean,0.11636153254119448,nan,nan,nan
student_like,2,0.2;0.2;1.5;1.5,9,precision_weighted_csm,0.05778711559467026,2.1407468724866627e-10,nan,nan
student_like,2,0.2;0.2;1.5;1.5,9,uniform_csm,0.1287152915929893,nan,nan,nan
student_like,2,0.2;0.2;1.5;1.5,9,analytic_precision_mean,0.05778711557493323,nan,nan,nan
student_like,2,0.2;0.2;1.5;1.5,10,precision_weighted_csm,0.07440255668083713,5.508923431571041e-10,nan,nan
student_like,2,0.2;0.2;1.5;1.5,10,uniform_csm,0.23888685282362093,nan,nan,nan
student_like,2,0.2;0.2;1.5;1.5,10,analytic_precision_mean,0.07440255652832316,nan,nan,nan
student_like,2,0.2;0.2;1.5;1.5,11,precision_weighted_csm,0.028916367693482718,2.6036542179469125e-10,nan,nan
student_like,2,0.2;0.2;1.5;1.5,11,uniform_csm,0.4756714492640439,nan,nan,nan
student_like,2,0.2;0.2;1.5;1.5,11,analytic_precision_mean,0.02891636772724009,nan,nan,nan
student_like,2,0.2;0.2;1.5;1.5,12,precision_weighted_csm,0.0066926727004790855,2.569282481139171e-10,nan,nan
student_like,2,0.2;0.2;1.5;1.5,12,uniform_csm,0.9788768157308991,nan,nan,nan
student_like,2,0.2;0.2;1.5;1.5,12,analytic_precision_mean,0.006692672704483235,nan,nan,nan
student_like,2,0.2;0.2;1.5;1.5,13,precision_weighted_csm,0.26160647826713274,2.6956876918543056e-10,nan,nan
student_like,2,0.2;0.2;1.5;1.5,13,uniform_csm,1.1374722075051977,nan,nan,nan
student_like,2,0.2;0.2;1.5;1.5,13,analytic_precision_mean,0.2616064784071011,nan,nan,nan
student_like,2,0.2;0.2;1.5;1.5,14,precision_weighted_csm,0.17968435528047644,2.2693466026166425e-10,nan,nan
student_like,2,0.2;0.2;1.5;1.5,14,uniform_csm,0.28202172637250694,nan,nan,nan
student_like,2,0.2;0.2;1.5;1.5,14,analytic_precision_mean,0.179684355300653,nan,nan,nan
student_like,2,0.2;0.2;1.5;1.5,15,precision_weighted_csm,0.04891632279830008,3.05815373702044e-10,nan,nan
student_like,2,0.2;0.2;1.5;1.5,15,uniform_csm,0.21810513390806874,nan,nan,nan
student_like,2,0.2;0.2;1.5;1.5,15,analytic_precision_mean,0.04891632270971524,nan,nan,nan
